d,_NAME_,_LABEL_,AAPL,ABT,ACN,AEP,ALL,AMGN,AMZN,APA,APC,AXP,BA,BAC,BAX,BHI,BK,BMY,C,CAT,CL,CMCSA,COF,COP,COST,CSCO,CVS,CVX,DD,DELL,DIS,DOW,DVN,EBAY,EMC,EMR,EXC,F,FCX,FDX,GD,GE,GILD,GOOG,GS,HAL,HD,HNZ,HON,HPQ,IBM,INTC,JNJ,JPM,KO,LLY,LMT,LOW,MCD,MDT,MET,MMM,MO,MON,MRK,MS,MSFT,NKE,NOV,NSC,ORCL,OXY,PEP,PFE,PG,QCOM,RTN,SBUX,SLB,SO,SPG,T,TGT,TWX,TXN,UNH,UNP,UPS,USB,UTX,VZ,WAG,WFC,WMB,WMT,XOM
1,RET,Returns,0.050355,0.101319,0.092137,0.006201,-0.037359,-0.075704,-0.049417,0.103765,0.137942,0.021570,-0.027477,-0.041604,-0.021248,0.274103,0.005337,0.003917,-0.040181,0.179678,0.006016,0.073302,-0.035880,0.112066,0.008490,0.084696,0.052186,0.045975,-0.078823,-0.021369,0.055903,-0.034687,0.090662,-0.002777,-0.016153,0.036814,0.080542,0.124352,0.200046,-0.021666,0.023761,-0.065621,0.157885,0.042906,0.107979,0.285023,0.001729,0.006524,0.031409,0.089067,-0.010949,-0.148438,-0.042596,0.010078,0.026544,0.000530,0.063178,-0.045755,0.038256,-0.017435,0.023673,-0.061290,-0.031852,0.093899,0.084565,0.087769,0.076482,-0.067289,0.213238,0.111755,0.029484,0.223210,-0.032160,0.101201,0.028162,0.113278,0.020423,0.056315,0.311889,0.007819,0.081039,0.073193,-0.004002,0.005161,-0.087621,-0.043772,0.098745,-0.003194,0.000669,0.043999,0.064575,-0.022142,-0.007481,0.028917,-0.014744,0.117144
2,RET,Returns,-0.092968,0.023870,0.035839,-0.012058,0.052450,0.035533,-0.164659,-0.113994,-0.080319,0.027264,0.068511,0.036627,0.027137,-0.120868,0.076391,0.013602,0.006011,0.076289,-0.007469,-0.035586,0.051941,-0.052241,0.028362,0.089930,0.020533,-0.041260,0.037292,-0.010577,0.105887,0.017258,-0.140449,-0.070534,0.046269,0.062040,0.001567,-0.071096,-0.211984,0.060208,0.059385,0.011298,0.023000,-0.161883,0.000283,-0.144059,0.039458,0.115793,0.071756,0.052277,-0.010578,-0.026111,0.007647,0.034969,0.014258,-0.010597,0.081596,0.072856,-0.002856,-0.044625,-0.000797,0.017869,-0.006082,-0.008628,0.010435,-0.029129,-0.042273,0.072020,-0.199684,0.030096,-0.011933,-0.063146,0.033753,0.029206,0.011818,-0.014804,0.059312,0.145741,-0.095724,-0.011422,0.010744,0.063198,-0.004566,-0.009698,0.021211,-0.020027,0.001017,0.002403,0.033434,0.005996,0.064435,0.038008,0.037845,-0.095218,-0.016265,-0.048765
3,RET,Returns,-0.084246,-0.038705,-0.079302,-0.067945,-0.042351,-0.036169,-0.024306,-0.021070,0.020472,-0.024685,0.072087,0.004144,0.025363,0.006623,0.052570,0.065368,0.018546,-0.017378,0.048091,-0.024972,-0.080822,0.035925,0.058019,0.070652,0.054359,0.026381,0.048956,0.026207,-0.003573,-0.047757,0.045241,-0.026460,-0.027817,0.022247,-0.073717,-0.001255,0.190401,0.053898,0.038047,0.058108,-0.000803,0.075506,0.110907,0.073823,0.007117,0.009242,0.044444,0.005181,0.027792,-0.055340,0.027233,0.012154,0.005004,-0.005753,0.031014,-0.054855,-0.015755,-0.059314,-0.034916,0.028537,-0.003338,0.010372,0.021515,0.052967,0.012653,-0.015787,0.053219,0.056467,0.102254,0.016059,-0.017933,-0.048492,-0.038378,0.073155,0.056221,0.036068,0.100609,-0.037026,0.014101,-0.019935,-0.043934,-0.030040,0.087772,-0.040185,0.057595,0.062508,-0.002588,-0.009060,0.010683,-0.038564,-0.005140,-0.004868,0.045139,0.025097
4,RET,Returns,0.122290,0.013304,-0.033256,-0.016461,0.084053,-0.069416,-0.036135,0.085941,0.037719,0.026261,0.070833,0.096179,-0.028601,0.181725,-0.018868,0.042666,0.067965,0.058209,0.040981,0.183104,0.076006,0.059382,0.004985,-0.033226,-0.003725,0.052613,0.044776,-0.119624,0.002510,0.000246,-0.017329,-0.117692,-0.008804,0.015784,0.020794,-0.114322,0.085704,0.019391,0.029228,-0.005463,-0.075860,0.071641,0.023445,0.070255,-0.056028,0.094673,-0.006313,-0.013070,-0.001576,0.026722,-0.010301,0.097983,0.002150,-0.043038,0.010249,-0.020639,0.006112,-0.010517,0.077114,0.128683,0.032458,-0.013569,-0.022992,0.027857,-0.112459,-0.038308,0.075639,-0.001295,0.065741,0.108904,0.007787,0.016453,0.015443,0.014424,-0.029014,-0.009567,0.092518,-0.004654,-0.026860,-0.018399,0.020958,0.036331,0.069911,-0.109560,-0.022924,0.021290,0.030820,0.083491,-0.018350,-0.027823,0.075466,0.025245,-0.046782,0.036477
5,RET,Returns,-0.150874,-0.000936,-0.031648,0.035266,-0.020004,-0.001625,-0.017041,-0.086712,-0.052280,0.010221,0.001198,-0.020433,0.000000,0.069281,-0.054623,-0.032703,-0.013013,-0.036837,0.020636,0.038126,-0.044360,-0.048580,-0.025170,-0.060621,-0.061238,-0.011636,-0.027211,-0.031298,0.090844,-0.018222,-0.045749,-0.046498,-0.052554,-0.023367,0.055741,0.030216,-0.133013,-0.050899,-0.030174,-0.009540,-0.002956,-0.110351,-0.058269,-0.043634,-0.045329,0.020236,-0.025721,-0.002772,-0.025990,-0.093093,0.033868,-0.060379,0.049333,-0.016629,-0.040975,-0.012213,-0.040498,0.007382,-0.012092,-0.015334,-0.011072,0.009113,-0.021790,-0.072784,-0.058385,-0.018695,-0.042192,-0.020000,-0.025360,-0.035527,0.038118,-0.056455,-0.068030,-0.117063,0.035690,-0.043467,-0.051634,-0.008067,-0.018197,-0.005723,-0.076836,-0.008046,-0.100259,-0.116204,0.020721,-0.001727,-0.018130,-0.000398,-0.055101,-0.030169,-0.026205,0.030552,0.079669,-0.029328
6,RET,Returns,-0.041827,0.021311,0.006039,-0.000584,-0.005090,-0.034916,0.117596,0.051942,-0.038051,-0.020971,-0.016096,-0.006198,-0.024934,-0.051564,-0.030996,0.053361,-0.021298,0.020973,-0.007292,0.018985,0.032379,0.035393,0.079350,-0.007622,0.100358,0.037966,-0.021867,-0.036249,-0.016393,-0.011663,0.055134,-0.107284,-0.142969,0.015633,0.003886,-0.032123,0.003036,0.070285,0.028598,-0.030648,0.031920,0.127777,-0.003445,-0.005094,-0.057188,-0.018418,-0.021370,-0.019148,-0.038548,0.054384,-0.004982,-0.015009,-0.015898,0.070294,-0.010346,-0.025851,0.012964,-0.070707,-0.005052,-0.034545,0.025985,0.000356,0.094323,0.060215,0.028698,0.012452,-0.041477,0.008719,0.018987,0.038551,-0.001985,-0.008030,0.024885,-0.113692,-0.027917,0.059186,-0.005109,0.002502,0.041567,0.070223,-0.001022,0.005230,-0.030099,0.018653,0.001724,0.022098,0.011014,0.014395,0.073054,0.104434,0.010698,0.037611,-0.005779,0.007224
7,RET,Returns,0.186660,0.102155,0.033192,0.054599,0.038187,0.068680,-0.304809,0.033993,-0.040889,-0.018978,-0.054816,0.071310,0.142546,-0.023213,0.050621,-0.062258,0.001244,-0.044441,-0.004341,0.050092,-0.094792,0.052953,-0.074217,-0.084485,0.067060,0.059942,-0.046635,-0.113655,-0.010333,-0.114015,0.070022,-0.178218,-0.074749,-0.058346,0.018828,-0.030303,-0.009700,-0.103971,0.027345,-0.008192,0.039892,-0.078053,0.017749,-0.100930,-0.030176,0.018195,-0.039702,0.007260,0.007680,-0.052632,0.043892,0.094286,0.034403,0.027139,0.110677,-0.063788,0.053274,0.079071,0.015427,-0.128389,0.089064,0.023637,0.105408,0.056320,0.032618,-0.024691,0.058749,-0.184141,0.033126,0.050707,0.055630,0.107371,0.016367,-0.120040,0.016603,-0.093485,0.026724,0.053978,0.031227,0.087218,-0.060364,-0.046243,-0.015847,0.068111,-0.085628,-0.163003,0.036269,-0.019395,0.021947,0.043265,0.078414,0.038099,-0.076188,0.104156
8,RET,Returns,-0.001619,0.019468,0.013671,0.020210,0.025871,-0.024100,0.146523,-0.073648,0.025579,0.009220,-0.028675,0.009703,0.056667,-0.108068,0.004165,-0.092616,0.031670,-0.063779,0.009103,0.019197,-0.054600,-0.075903,-0.113154,0.229866,0.025367,-0.013074,0.017146,0.040129,-0.001347,0.102660,-0.033261,0.155796,0.147783,0.046566,0.060104,0.254873,0.066899,-0.035145,0.007908,0.041909,0.030559,-0.020874,-0.026841,-0.019934,-0.012100,-0.003097,0.006379,0.145722,0.049864,0.092778,0.039728,0.000877,0.006966,-0.007751,0.040412,-0.045503,0.014411,-0.071655,0.058269,0.025000,0.044517,0.103512,0.016389,-0.010677,0.071904,0.022279,-0.025955,-0.011746,0.046092,-0.053550,0.029978,0.069642,0.101424,0.071753,0.047482,-0.094070,-0.083022,0.025977,0.000234,0.038013,0.056402,0.010606,0.094359,0.086138,-0.051176,0.022058,0.002187,0.012623,0.040213,0.058946,-0.031518,0.019381,0.008708,0.003691
9,RET,Returns,0.134562,-0.002875,0.069117,-0.003015,0.082672,0.051448,0.041842,-0.031863,-0.063739,0.067377,0.052737,0.040800,0.024335,-0.041866,0.044741,0.145747,0.006484,-0.008289,0.037421,0.053082,0.076060,-0.061485,0.061765,0.045020,-0.042623,0.007143,0.071804,0.012860,0.042496,0.032127,0.012362,0.019411,0.028326,0.020816,-0.007215,-0.033453,-0.072153,0.076611,0.060992,0.043746,0.084700,0.061739,0.138042,-0.127836,0.062117,0.010516,0.056302,0.005744,0.011980,0.051099,0.004330,0.028471,0.004017,0.019131,0.041889,0.036955,0.089694,-0.009808,0.029984,0.037936,-0.073267,-0.009064,0.033292,0.108223,0.064202,0.088782,-0.103369,0.030892,0.132822,-0.052167,0.004289,0.029028,0.001292,-0.035041,0.016946,0.098033,0.013948,0.005544,0.068758,0.045936,0.141765,0.096871,0.020252,-0.052936,0.095208,0.026981,0.046149,0.010206,0.055429,-0.102507,0.041151,-0.030857,0.102862,-0.008423
10,RET,Returns,0.053261,-0.015548,0.048881,0.139126,-0.021840,0.061233,0.185866,0.035918,0.059092,0.033524,0.012809,0.005600,0.011219,0.012463,-0.019002,0.004414,0.009865,-0.072796,0.035266,0.102168,0.008518,0.017974,0.074477,0.050044,-0.021832,0.036078,0.069094,0.065236,0.017794,0.046434,0.058432,0.132934,0.022538,0.006439,0.023786,0.023486,0.141429,0.053920,-0.004744,-0.005382,0.001890,0.185345,0.123958,0.137083,0.029225,0.005485,0.029829,0.055874,0.126800,0.037433,0.037881,0.017462,0.045658,-0.017368,0.010109,0.075909,0.071575,0.050603,0.007939,0.059393,0.062443,-0.057222,0.084009,0.051982,0.049726,0.048619,0.031597,0.193417,0.041150,-0.024319,-0.027888,-0.060296,0.027751,0.001100,0.045407,0.108664,0.016927,0.056297,0.071507,0.062116,0.071131,0.097641,-0.091128,-0.008537,0.029886,0.047401,0.018663,0.037411,0.007406,-0.015995,0.003040,0.023460,-0.000811,0.064382
11,RET,Returns,0.130488,-0.017891,0.024005,0.011344,0.040254,-0.064155,0.059071,0.070576,0.063335,0.015741,0.112322,0.010024,-0.026757,0.065315,0.034041,0.003232,-0.001595,0.021743,0.016883,-0.005163,-0.017942,0.117198,-0.017797,0.115209,-0.083174,0.083929,0.032751,0.119605,0.050540,-0.019122,0.097696,0.006536,0.070204,0.033472,-0.013714,-0.018116,0.039517,0.007770,0.052602,0.004842,-0.042671,0.017675,0.026398,0.045286,0.023172,0.054317,0.025804,0.018585,-0.001191,0.007263,-0.016543,-0.024452,0.008990,-0.036065,0.044519,0.000664,0.025048,0.070871,0.038334,0.039067,0.035411,0.087065,-0.020035,-0.003533,0.026123,0.076948,0.101159,-0.059730,0.031402,0.072433,-0.023171,0.040525,-0.009465,0.005496,0.021822,-0.065033,0.085606,0.006525,0.058084,-0.009927,-0.016391,0.009245,-0.020875,0.006150,0.002096,0.039151,-0.005910,-0.014075,-0.017271,-0.071257,-0.021218,0.136308,-0.064529,0.079950
12,RET,Returns,-0.074405,0.043935,0.095846,0.025777,0.025677,-0.038429,-0.021815,-0.048906,-0.116491,0.033208,0.003502,-0.008542,0.049888,0.016751,0.107766,0.060008,0.123210,-0.011285,0.002921,0.046219,-0.013611,0.069094,0.010899,0.015608,0.074383,0.016731,0.037929,-0.078928,0.046294,0.006623,-0.084197,-0.070192,0.006865,0.017070,0.019101,-0.076261,-0.089709,-0.058217,-0.006547,0.062642,-0.015616,-0.050185,0.023357,-0.079727,0.057677,0.020472,0.052583,0.045869,0.056897,-0.053517,0.001669,0.043647,0.030322,-0.027804,0.017910,0.032825,0.056231,0.026472,0.004768,-0.043334,0.029331,0.092781,-0.011907,0.069196,0.017030,0.004548,-0.080138,0.021117,-0.100262,-0.025626,0.014200,-0.057839,0.023571,0.036075,0.039185,0.003542,-0.075862,0.016828,-0.006766,0.054261,-0.017903,0.081430,-0.025381,0.094743,0.016571,-0.037731,0.087693,-0.031148,0.065827,0.133366,0.009081,-0.055836,0.005369,-0.002343
13,RET,Returns,0.010490,0.094129,0.022204,0.022311,-0.076025,0.030157,-0.045362,0.099384,0.005285,-0.037910,0.008104,-0.015171,0.070489,-0.075409,0.021844,0.104483,-0.010233,0.049568,0.051809,0.047720,0.046602,-0.076998,0.062228,-0.025979,0.090222,-0.008840,0.017450,-0.034675,0.026262,0.041103,0.044872,0.077153,0.059848,0.019959,-0.030700,0.082557,0.037547,0.016387,0.054203,-0.031174,-0.009395,0.089081,0.066015,-0.048631,0.014442,0.046878,0.009947,0.050740,0.020587,0.035062,0.011815,0.061491,-0.007668,0.038772,0.055610,0.083788,0.000451,0.000934,0.052703,-0.046580,0.018294,0.051114,0.026376,0.020017,0.033490,-0.002222,-0.008826,-0.008352,0.001167,-0.050584,0.043006,0.013127,0.014159,-0.003440,-0.017045,-0.013552,0.005225,-0.008953,0.129332,0.062518,0.075548,0.004132,0.084375,-0.027359,0.097588,-0.036010,-0.016303,0.087972,0.045247,-0.012857,0.017998,0.033308,0.032698,-0.033016
14,RET,Returns,-0.013064,0.030566,-0.052185,0.040432,-0.000831,-0.086827,0.039023,-0.061806,-0.079086,-0.023188,-0.021773,-0.022632,0.007048,-0.054904,0.015496,-0.083710,-0.076546,0.005619,-0.013031,-0.130101,-0.041584,-0.010239,-0.002493,-0.025545,-0.066270,-0.052689,0.031073,-0.056565,-0.026159,0.053924,-0.062634,-0.010188,-0.002144,-0.036858,0.106351,-0.027060,-0.001739,0.034692,-0.022649,-0.023856,0.112562,-0.103789,-0.049067,0.049255,-0.028228,-0.027377,0.021011,-0.090804,-0.059607,-0.047113,-0.052320,-0.030238,-0.025063,-0.020418,0.004321,-0.034411,-0.014882,-0.057811,0.016742,0.003499,-0.035588,-0.043202,-0.013408,-0.095060,-0.083927,0.057282,0.148417,-0.044914,-0.042541,-0.005177,-0.032036,-0.037729,-0.021273,0.073290,0.031792,-0.115627,-0.008112,-0.009376,-0.007081,-0.022057,0.004726,-0.067444,-0.007374,-0.001531,-0.020495,-0.023105,0.001685,-0.031094,-0.029076,-0.011534,-0.033964,-0.000741,0.013001,-0.028340
15,RET,Returns,0.098097,0.021604,0.077138,0.085746,0.005490,-0.130408,0.016607,0.032720,0.069000,-0.008264,0.018909,0.003738,0.056539,0.015666,-0.001969,0.052312,0.019258,0.040354,-0.009197,0.008943,-0.020382,0.046387,-0.036679,-0.015806,0.086569,0.079393,-0.025626,0.015755,0.005255,0.056076,0.055708,0.033999,-0.007880,0.000929,0.042166,-0.002528,0.152935,-0.058741,0.000262,0.012890,0.071129,0.019379,0.024188,0.026520,-0.066305,0.035784,-0.007328,0.022109,0.014203,-0.036757,-0.042428,-0.020449,0.035561,0.021297,-0.002468,-0.032565,0.031128,-0.025814,-0.000158,0.031722,0.052088,0.042686,0.009060,0.051255,-0.010650,0.020676,0.117030,0.067060,0.103469,0.073938,0.011243,0.012019,-0.005198,0.058558,-0.015593,0.014887,0.100318,0.023743,-0.013216,0.071467,-0.036893,-0.030482,-0.027778,0.015715,0.030128,-0.001282,-0.008132,-0.009750,0.013904,0.026622,-0.007781,0.058584,-0.023598,0.052595
16,RET,Returns,0.074158,0.020520,0.014530,0.030154,0.037629,0.147817,0.541342,0.027581,0.085621,0.078369,0.046002,-0.002352,0.075185,0.215636,0.003699,0.049712,0.044410,0.087871,0.019614,0.027360,-0.015902,0.014631,-0.002322,0.047395,0.063269,0.051785,-0.005260,0.086170,0.015974,-0.027257,0.052730,0.023831,0.096029,0.090508,0.097511,0.019011,0.019376,-0.018524,0.031283,0.042421,0.066145,0.028855,0.059672,0.000945,0.030757,-0.000212,0.176292,0.049826,0.084341,0.123889,0.065715,0.083919,0.087292,0.100912,-0.009070,-0.027945,0.071698,0.081125,0.040380,0.082952,0.030498,0.075600,0.164591,0.070086,0.074273,0.013740,0.090757,0.052372,0.036955,0.028189,0.039805,0.047506,0.025174,0.026723,0.020587,-0.010842,0.068452,0.031105,0.036225,-0.009003,0.001856,0.046146,0.144518,0.001699,0.125062,0.004708,-0.017730,0.032769,0.017537,-0.043365,0.042405,0.036543,0.020660,0.052087
17,RET,Returns,0.214339,-0.004769,0.047059,-0.043807,-0.007060,-0.119894,0.127344,0.113793,0.064081,0.071040,0.085376,0.007269,0.003708,0.027615,0.001976,0.050243,0.026296,0.082071,-0.011515,0.028132,0.074692,0.122423,0.054135,0.006731,0.063466,0.055020,0.071588,0.067473,0.013150,0.017261,0.053657,-0.040660,0.112648,0.036657,0.040180,0.037313,0.171828,0.058612,0.022166,0.019533,0.012849,0.056279,0.055853,0.134404,0.026406,0.009977,0.073459,0.084718,0.046864,0.036856,-0.008331,-0.005182,0.015329,-0.001438,0.024027,0.073953,0.047017,0.004534,0.035008,0.068503,0.031631,0.044245,0.019635,0.012260,0.028393,0.053658,0.113141,0.091080,0.030851,0.084221,0.033893,0.049887,-0.013199,-0.016210,0.038476,-0.071244,0.054720,-0.036452,-0.056037,0.067665,0.053562,0.038536,0.028804,0.032228,0.059344,0.027829,0.006696,0.054894,0.140126,0.029784,0.013374,0.080000,-0.002087,0.052154
18,RET,Returns,0.007005,-0.049689,0.047631,-0.054377,0.000163,-0.020549,-0.010558,0.010402,0.048943,-0.058480,-0.044040,-0.035890,-0.005850,0.020005,0.021696,0.041241,-0.058726,-0.003563,-0.031511,0.025903,-0.016796,0.013819,0.036302,0.034547,-0.054229,0.033746,-0.028287,0.060904,-0.023082,-0.016307,0.021490,-0.011671,0.071640,-0.034056,-0.069231,0.129496,0.052351,-0.004927,-0.025174,0.026078,-0.062465,0.049790,-0.060957,-0.040334,0.018137,0.005675,-0.028147,-0.022096,-0.012664,0.070334,-0.026079,-0.065213,-0.006416,-0.046742,-0.040469,-0.064899,0.004154,-0.024638,-0.051765,-0.013301,-0.003797,0.096429,-0.043279,-0.013641,-0.039756,0.030396,0.103653,-0.091742,0.017028,0.056940,-0.045441,-0.069844,-0.037136,0.010244,-0.026169,-0.089205,0.093040,-0.047764,-0.138359,0.003870,0.018741,-0.015442,0.064197,-0.066277,-0.045824,0.014312,-0.035570,0.005386,-0.054215,-0.035232,-0.025492,-0.004408,0.010714,0.008537
19,RET,Returns,0.079646,-0.047339,-0.017720,-0.034414,-0.135913,-0.028034,0.148078,-0.007354,-0.031929,-0.040700,0.075603,-0.030068,-0.066383,-0.060383,0.032577,-0.090938,-0.092026,0.010983,0.023285,-0.065789,-0.097909,0.035032,0.024351,0.038061,-0.032922,0.012108,-0.080842,-0.020315,-0.033392,-0.016735,-0.047005,0.006837,0.022652,0.005769,-0.033747,-0.096603,0.138523,-0.002073,0.008054,0.012539,-0.040461,-0.024297,-0.129458,0.044058,-0.055400,-0.078155,0.021855,0.031600,0.051306,-0.005051,-0.018176,-0.083798,-0.003823,-0.032033,0.046213,-0.084718,-0.056935,-0.020536,-0.066067,0.024542,-0.052324,-0.043900,-0.003012,-0.087935,-0.016288,-0.031566,0.152245,0.023017,-0.029934,-0.020041,0.011874,-0.080563,0.016669,-0.040101,0.027278,0.016768,0.115140,-0.018956,-0.069970,-0.047831,-0.047641,-0.084601,-0.062716,-0.052992,0.034650,0.037260,-0.091047,0.028761,0.045057,0.014699,-0.039807,0.019924,-0.044897,0.014902
20,RET,Returns,0.051002,0.024068,-0.021837,0.031731,0.037253,-0.067547,0.017443,-0.042801,-0.026823,0.001367,-0.061684,0.068747,0.041065,0.062492,-0.049824,0.026047,0.018252,-0.038452,0.004848,-0.006852,-0.085830,0.012989,0.032609,0.104116,0.074737,0.036125,0.051145,0.010011,0.018182,-0.019549,0.009382,0.052469,0.062129,0.051466,0.013685,-0.082256,-0.069802,-0.009572,0.000000,0.002838,-0.023100,0.010294,-0.065467,-0.037202,0.036723,0.030393,-0.019301,0.072127,0.058202,0.094941,0.028182,0.011588,0.032048,0.068127,0.010256,0.108890,0.028828,0.042826,0.063600,0.028677,0.044231,0.082079,0.010473,-0.023485,-0.005519,-0.001949,0.065690,-0.042953,0.060669,-0.000529,0.036727,0.068907,0.055771,-0.038896,0.108020,0.032609,0.020640,0.066959,0.106668,0.018131,0.090804,-0.011293,-0.026996,0.032624,-0.060601,0.001849,0.080133,0.027134,-0.017363,0.022295,0.091205,-0.035659,-0.045702,0.011159
21,RET,Returns,0.108247,0.032942,-0.023295,0.035971,0.044566,0.128916,0.165686,0.163867,0.099224,0.012794,0.085729,0.004538,0.030816,0.077629,0.091764,-0.011321,-0.004480,0.035106,0.075392,-0.073208,0.027374,0.071804,-0.006154,0.037904,0.047858,0.066317,0.016615,-0.023009,0.023512,0.019939,0.106626,0.144282,0.057986,0.081048,0.066365,0.087068,0.199840,-0.044037,0.075229,0.072292,0.123728,0.100961,0.231407,0.110147,-0.153224,0.033045,0.059127,0.010537,0.009512,0.004272,0.063279,0.029200,0.074935,-0.007323,0.094311,-0.097875,0.105990,0.067562,0.088681,0.028465,0.012534,0.229424,0.037871,0.010101,0.025409,0.044462,0.128906,0.013669,0.067554,0.134768,0.082390,-0.016506,0.077017,0.059413,0.044588,-0.049002,0.088083,0.022260,0.053519,0.061199,-0.035796,-0.032666,0.068633,-0.031594,0.013355,-0.004482,0.017929,0.078387,0.057307,0.048147,-0.025178,0.098710,0.000458,0.079669
22,RET,Returns,0.237701,0.024711,-0.019379,0.046224,-0.083756,0.027223,-0.042941,0.154342,0.098047,0.029139,-0.060958,-0.039586,0.066276,-0.040390,0.112143,0.050312,-0.102207,-0.044116,0.074453,-0.129446,-0.012645,-0.027344,0.095975,-0.002110,0.052738,-0.022120,-0.001009,0.108696,0.006979,0.045982,0.122596,-0.074833,0.220673,-0.017850,0.098461,0.044759,0.124917,-0.013461,0.080265,-0.005797,0.130169,0.246320,0.145474,0.026562,-0.028668,0.012554,0.015806,0.037959,-0.014261,0.040217,-0.008067,0.034046,0.074648,-0.048832,0.014287,-0.037473,0.096932,-0.156798,-0.012620,-0.077153,0.048900,0.140716,0.127104,0.071905,0.249491,0.129560,0.013702,0.000000,0.024018,0.077559,0.006279,0.007368,-0.006682,0.011122,-0.003290,0.018321,-0.080286,0.010474,0.043299,-0.003900,-0.034765,-0.005447,-0.106313,0.014867,0.132496,0.000000,0.019367,-0.048335,0.050136,-0.160669,-0.045199,0.071345,0.035739,-0.006158
23,RET,Returns,-0.040695,0.052911,-0.114981,-0.002697,-0.017176,-0.049217,0.015816,-0.067624,-0.041003,-0.032322,-0.057815,-0.044532,-0.002333,-0.072878,-0.018219,-0.012004,-0.192363,-0.036322,0.049954,-0.024228,-0.186817,-0.057910,0.004237,-0.152450,-0.037686,-0.034532,-0.059584,-0.198039,-0.042737,-0.068828,-0.113383,-0.071191,-0.241040,0.096614,-0.015342,-0.153326,-0.159330,-0.047126,-0.023967,-0.069728,0.007577,-0.019802,-0.085834,-0.069000,-0.086481,0.011116,-0.058600,-0.010062,-0.090768,-0.026301,0.045803,-0.029362,0.011010,-0.014312,0.009542,-0.092228,0.003684,0.071880,-0.036601,-0.030338,0.063485,0.017822,0.018881,-0.216176,-0.084216,-0.009206,-0.069497,-0.008519,-0.089761,0.010427,0.046934,-0.022755,0.064442,-0.045635,-0.027669,-0.123313,-0.032308,0.037166,-0.048307,-0.085666,-0.020372,-0.051342,-0.031595,0.119023,-0.011403,-0.013316,-0.002111,-0.019585,-0.062079,-0.074779,-0.037342,-0.048781,0.059500,-0.026959
24,RET,Returns,0.087038,-0.023648,0.042535,-0.023285,0.021714,-0.159457,0.022968,0.111065,0.162191,-0.118006,-0.054895,-0.091697,-0.026766,0.010340,0.016681,-0.104961,-0.115916,0.009179,-0.026474,-0.111003,-0.113487,0.103198,0.035015,-0.033908,-0.008481,0.063347,-0.044637,-0.001223,-0.015686,-0.050072,0.075353,-0.010140,-0.038402,-0.006314,0.007031,-0.103862,0.035480,-0.093429,0.002365,-0.023766,-0.011388,-0.002193,-0.051138,0.035509,-0.056723,-0.005074,0.087425,-0.011728,0.027762,0.022239,-0.015353,-0.043183,-0.011755,0.008310,-0.048884,-0.073331,0.007525,-0.011406,-0.060527,0.012731,-0.015859,0.123981,-0.014656,0.007398,0.059524,-0.017974,0.077916,-0.015036,0.118930,0.107066,-0.011726,-0.043350,-0.007838,-0.031633,-0.014470,-0.124840,0.054521,0.030037,-0.117725,0.087673,-0.166250,-0.043453,0.057966,0.058182,-0.004122,-0.040174,-0.027954,0.023673,0.011109,0.040722,-0.069072,0.033708,-0.003132,0.050808
25,RET,Returns,-0.316640,0.006322,-0.039134,-0.082259,-0.057630,0.003230,-0.161269,-0.111865,-0.109758,-0.052095,-0.048937,0.070044,0.043239,-0.198397,-0.041017,-0.120287,-0.032269,-0.016676,-0.014110,-0.005476,0.155734,-0.092752,-0.026089,-0.094936,-0.019623,-0.108004,0.024722,-0.182375,-0.075589,-0.019787,-0.043415,-0.189816,-0.145710,-0.103777,-0.067859,-0.013373,-0.128685,0.046540,-0.046859,-0.046129,-0.006955,-0.183924,-0.070449,-0.125033,0.137342,-0.087832,-0.040604,-0.133914,-0.009158,-0.208552,-0.053373,0.094616,-0.038618,-0.037460,0.025271,0.171972,-0.090477,-0.072508,-0.044466,-0.055384,0.002779,0.000671,-0.206677,-0.065901,-0.084270,-0.045299,-0.180506,0.084060,-0.089903,-0.119366,-0.103426,0.027717,-0.104195,0.078018,0.073147,-0.076209,-0.233506,-0.051161,0.029012,-0.064244,0.108400,-0.049667,-0.070359,-0.126460,-0.006846,0.031816,0.069628,-0.042723,-0.101396,-0.079832,0.128851,-0.106484,0.067536,-0.077810
26,RET,Returns,-0.076389,-0.046814,0.018198,-0.032764,-0.030272,-0.022966,-0.170270,0.203964,0.089945,-0.139019,0.000120,-0.099887,-0.025429,0.037146,-0.056965,-0.017811,-0.158324,0.018876,-0.005360,0.075991,-0.150403,0.038322,-0.086473,-0.004490,0.037780,0.047928,0.036521,-0.006981,0.086126,-0.024586,0.207760,-0.019710,-0.018320,0.009453,-0.009855,-0.016566,0.135555,-0.055615,-0.031705,-0.054016,0.035675,-0.165019,-0.149937,0.157371,-0.133486,0.035932,-0.021246,0.092635,0.066754,-0.047517,-0.012116,-0.142405,-0.009153,-0.017513,-0.039844,-0.093076,0.016891,0.061505,-0.010530,-0.009416,-0.034965,0.036652,-0.039046,-0.146332,-0.162273,-0.018425,0.034884,-0.027579,-0.085158,0.141150,0.022189,-0.032534,0.011617,0.002591,-0.004606,-0.049286,0.149337,-0.050461,-0.052361,-0.095090,-0.048178,-0.001115,-0.031987,-0.085759,0.000000,-0.031246,-0.056848,-0.033301,-0.064641,0.044663,-0.133216,0.126681,-0.022665,0.011111
27,RET,Returns,0.147816,0.029879,-0.002270,0.017351,0.015504,-0.082162,0.105941,0.053265,-0.009727,0.033570,-0.101703,-0.029945,-0.016647,0.017982,-0.048780,-0.057939,-0.096584,0.082400,0.023919,-0.007037,0.069303,-0.078588,0.049257,-0.012300,0.003219,-0.015001,0.007324,0.001000,-0.031780,-0.011144,0.017231,0.132018,-0.077220,0.009812,0.085772,-0.124043,-0.046004,0.052650,0.018571,0.116777,0.088969,-0.065177,-0.024996,0.026893,0.061959,0.073453,-0.019465,-0.042495,0.011242,0.060596,0.046966,0.056581,0.047725,0.031387,-0.037791,-0.042970,0.030678,-0.020057,0.034329,0.009566,0.005332,-0.036134,-0.134763,0.084995,0.043386,0.133389,-0.062921,0.027037,0.040426,-0.051053,0.043344,-0.060592,0.058779,-0.032788,0.000771,-0.026588,0.006362,0.031277,0.108711,0.099627,-0.036685,-0.101858,-0.056409,-0.260112,0.008496,0.039579,0.023891,-0.023968,0.003579,0.043276,-0.004447,-0.081621,0.067100,-0.027928
28,RET,Returns,0.212195,-0.036990,0.067671,0.072063,0.047857,0.002154,0.102805,0.115958,0.056005,0.102470,0.141051,-0.009760,0.077828,0.180730,0.048886,0.046009,0.179739,0.050453,-0.087409,0.062565,0.076798,0.130429,0.096660,0.064342,-0.001975,0.126406,0.045980,-0.064759,0.033461,0.089552,0.086936,0.048593,0.073919,0.015546,0.051803,0.444056,0.186734,0.034531,0.088761,-0.116455,0.004463,0.303812,0.159199,0.167302,0.029675,0.001277,0.052818,0.015112,0.048289,0.050991,0.034222,0.118277,-0.032857,-0.066873,0.067875,0.101569,0.068316,0.008993,0.009791,-0.028427,-0.099099,0.024170,0.002372,0.069365,0.004933,-0.017647,0.172491,0.102172,0.065951,0.137215,-0.050831,-0.039178,-0.037391,0.053415,-0.009906,-0.072571,0.155747,0.045493,0.074804,0.021149,0.048343,0.059201,0.035019,-0.050349,0.158000,-0.008354,0.047281,0.053037,0.071672,-0.085062,0.022337,0.076410,0.100607,0.100378
29,RET,Returns,0.085082,0.068246,0.087084,-0.042348,0.019658,0.051588,0.038026,-0.004603,0.126352,-0.034777,-0.019915,-0.094033,-0.019576,0.097305,0.022973,0.037324,-0.121092,0.009282,0.051768,0.094891,-0.085000,0.086129,0.003228,0.042122,0.059946,0.037962,-0.012063,0.237789,0.036078,0.006227,0.022399,-0.040908,0.132468,0.119020,0.035330,-0.176755,0.017231,-0.043392,0.019133,-0.060551,0.068779,0.020042,-0.078173,0.060118,-0.050000,0.061238,0.008333,0.015318,0.076471,0.047619,0.001640,-0.097587,-0.027348,0.009763,0.036024,-0.047241,-0.004364,0.040879,-0.013476,0.015084,0.113000,0.117348,0.024185,-0.089918,-0.003156,0.023503,0.217239,0.130916,0.095444,0.104795,-0.003356,-0.021382,-0.014914,0.127576,-0.001720,0.120764,0.005768,-0.016385,0.004006,0.030741,0.006964,0.073569,0.113855,0.048422,0.133825,-0.012982,-0.020655,-0.015317,-0.000260,0.036298,-0.062857,0.071549,-0.000043,-0.042011
30,RET,Returns,-0.112901,-0.059982,-0.002450,-0.049610,-0.105025,0.071088,-0.101568,0.036849,-0.000534,-0.187271,-0.205992,-0.279330,0.050041,-0.014444,-0.150460,-0.099166,-0.234354,-0.106728,-0.070737,-0.156889,-0.210100,0.013856,-0.016545,-0.129491,-0.075251,-0.000202,-0.104780,-0.051171,-0.071429,-0.125495,0.037778,-0.089304,-0.157684,-0.150052,0.022273,-0.292647,0.012791,-0.139679,-0.086272,-0.121094,-0.042842,-0.101366,-0.008560,0.092425,-0.135782,-0.032959,-0.156659,-0.058861,-0.084215,-0.073339,-0.035960,-0.202093,-0.085575,-0.041130,-0.098501,-0.135417,-0.045937,0.021314,-0.120940,-0.102759,-0.063342,-0.007535,-0.022844,-0.184490,-0.028602,-0.124762,0.064810,-0.069902,-0.080560,-0.019036,-0.062738,-0.097624,-0.079334,-0.085909,-0.118697,-0.134689,0.064373,-0.035359,-0.095310,-0.155639,-0.128748,-0.068010,-0.133005,-0.232680,-0.080063,-0.134469,-0.146882,-0.131475,-0.079802,-0.097446,-0.138556,0.062566,-0.026671,-0.007098
31,RET,Returns,-0.050705,0.070417,0.025540,-0.018146,0.013819,0.328032,0.041047,-0.191942,-0.226216,-0.009822,-0.070146,0.378299,0.073037,-0.049004,-0.055247,0.043838,0.134248,-0.052560,0.080608,0.090274,0.101289,-0.130310,-0.106359,-0.054600,-0.075840,-0.146979,0.021450,0.122943,-0.027244,-0.045832,-0.210303,-0.079034,0.021784,-0.015167,-0.126056,-0.002079,-0.170684,0.000635,0.062827,0.059948,0.019452,-0.100053,0.054260,-0.155455,0.017506,0.052874,0.011138,0.013345,0.079727,0.033054,0.064190,0.195278,-0.009234,0.020581,0.057470,-0.016627,0.063501,0.024493,-0.037900,0.011496,-0.010214,-0.056074,-0.127089,0.102024,-0.065067,-0.015601,-0.113729,0.152705,0.025238,-0.122746,0.046705,0.068689,0.083374,0.247239,0.016525,-0.066709,-0.054268,0.025487,0.030482,-0.073612,-0.027103,-0.032432,-0.130682,0.069714,0.091921,0.026192,0.097526,0.036953,-0.026271,0.056290,0.274526,-0.204912,0.043060,-0.087371
32,RET,Returns,0.066562,0.019347,-0.009578,-0.001266,-0.014712,0.003513,0.058554,0.019702,0.065964,0.068966,0.079365,-0.053496,-0.012389,-0.034978,-0.025070,0.010417,0.016051,0.017405,0.023697,0.027158,0.063426,0.010904,0.072431,0.093679,0.002740,0.028500,0.023739,-0.115588,0.065898,0.024617,0.075456,-0.009535,0.017988,-0.032854,-0.027474,-0.070833,-0.076796,0.050482,0.035450,-0.006716,-0.024083,-0.022079,-0.109052,-0.017626,0.138061,-0.001191,-0.007770,0.047321,-0.044929,0.036954,0.035344,-0.052670,0.011068,0.000212,0.120100,0.212598,0.043235,0.033504,0.067560,0.024293,0.033415,-0.040803,0.084194,0.034195,0.065319,0.032890,-0.062317,0.022386,0.018579,0.006723,0.028846,0.040707,0.065516,-0.045717,0.053750,0.059224,-0.070571,0.059904,0.034006,0.038299,0.175768,0.147521,0.005332,0.084402,0.020985,0.023621,0.040836,0.030166,0.031727,0.064138,0.011232,-0.032761,0.011728,-0.000249
33,RET,Returns,-0.329558,0.002612,-0.081238,-0.051486,0.021937,-0.056961,-0.099616,-0.088302,-0.212700,-0.107107,-0.125229,0.144509,-0.028225,-0.243345,-0.058654,-0.022962,0.080042,-0.157359,-0.008944,-0.073182,0.155415,-0.112229,-0.031763,-0.061954,-0.080328,-0.044486,-0.093159,-0.241601,-0.051314,-0.056549,-0.104753,-0.102286,-0.217277,-0.128419,-0.175619,0.165919,-0.363524,-0.044313,-0.202384,-0.081495,-0.133827,-0.135488,-0.219369,-0.262858,-0.037058,0.001292,-0.171816,-0.012788,-0.039185,-0.181023,-0.016328,0.213302,0.022854,-0.056163,-0.058142,-0.038555,-0.004839,-0.082418,0.033210,-0.045950,-0.041369,-0.133654,-0.104570,-0.436689,-0.021986,0.107573,-0.318731,-0.099551,-0.073871,-0.108241,0.046948,-0.035060,-0.001147,-0.183856,-0.108018,-0.044345,-0.171195,0.004799,0.022344,-0.127227,-0.074877,-0.199145,-0.122807,-0.166174,-0.151847,-0.019183,0.143911,-0.084312,-0.086276,-0.150151,0.239841,-0.234380,0.013882,-0.029371
34,RET,Returns,-0.053405,-0.035950,-0.117105,-0.118823,-0.427797,0.010461,-0.213304,-0.209053,-0.272315,-0.218741,-0.085963,-0.309429,-0.078318,-0.420218,0.019951,0.000480,-0.326670,-0.352013,-0.161778,-0.193963,-0.232941,-0.283550,-0.121978,-0.212323,-0.087374,-0.095538,-0.204963,-0.259709,-0.155751,-0.160478,-0.113377,-0.317694,-0.015050,-0.197597,-0.133823,-0.578846,-0.480035,-0.172950,-0.175903,-0.234902,0.004821,-0.102766,-0.274609,-0.389009,-0.088837,-0.123074,-0.267148,-0.172145,-0.205113,-0.144100,-0.114607,-0.108565,-0.166793,-0.231887,-0.224492,-0.080414,-0.061102,-0.191267,-0.406786,-0.058703,-0.032762,-0.098606,-0.019328,-0.228696,-0.163357,-0.138565,-0.404937,-0.094699,-0.099458,-0.211639,-0.200084,-0.039588,-0.068159,-0.109611,-0.039619,-0.117014,-0.338584,-0.077739,-0.308969,-0.026862,-0.182059,-0.230358,-0.085116,-0.065380,-0.061692,-0.160757,-0.172404,-0.084915,-0.061078,-0.177649,-0.092726,-0.113319,-0.068125,-0.045583
35,RET,Returns,-0.138675,-0.050045,-0.062632,-0.028501,-0.020462,-0.072633,-0.254018,-0.061096,0.162890,-0.152364,-0.179130,-0.327679,-0.125475,-0.003433,-0.084268,0.007299,-0.392674,0.073037,0.036807,0.100254,-0.110813,0.009806,-0.094369,-0.069218,-0.056117,0.067828,-0.205056,-0.084426,-0.130837,-0.304723,-0.105367,-0.140144,-0.102716,0.106630,0.045999,0.228310,-0.174467,0.080771,-0.143402,-0.119939,-0.023119,-0.184773,-0.146054,-0.110662,-0.020348,-0.113647,-0.076026,-0.078370,-0.116919,-0.130435,-0.037496,-0.232485,0.072401,0.023655,-0.086655,-0.047926,0.022786,-0.243243,-0.111981,0.048678,-0.162064,-0.109912,-0.136672,-0.155695,-0.088670,-0.076002,-0.053530,-0.169336,-0.120284,-0.025207,-0.005438,-0.054207,-0.002944,-0.122582,-0.045197,-0.319878,-0.017619,0.057659,-0.277935,0.066866,-0.154536,-0.096878,-0.203988,-0.114623,-0.246518,0.099848,-0.094935,-0.109989,0.100438,-0.023861,-0.141557,-0.226514,0.001254,0.086751
36,RET,Returns,-0.078990,0.018706,0.058425,0.063599,0.287736,0.039791,0.200937,-0.035834,-0.058709,-0.204204,0.000938,-0.113846,0.017958,-0.079242,-0.062231,0.138164,-0.190591,0.089778,0.053327,-0.026528,-0.073235,-0.013709,0.020012,-0.014510,-0.006568,-0.063789,0.009577,-0.083259,0.023091,-0.163881,-0.089439,0.063214,-0.009461,0.020061,-0.010674,-0.148699,0.018758,-0.090446,0.114573,-0.038439,0.141773,0.050143,0.068363,0.038068,0.005842,-0.021241,0.178392,0.030896,0.031373,0.062319,0.021338,-0.004106,-0.034137,0.179209,0.090390,0.041626,0.058553,0.035632,0.212100,-0.140296,-0.043532,-0.111742,0.151946,0.087458,-0.038576,-0.037559,-0.136091,-0.048919,0.101927,0.113964,-0.026543,0.077906,-0.039316,0.072088,0.051639,0.059350,-0.161608,0.018722,0.118526,-0.002101,0.022808,0.111602,-0.003211,0.266064,-0.044764,-0.042361,-0.057265,0.104471,0.038285,-0.002829,0.020422,-0.100493,0.007471,-0.003993
37,RET,Returns,0.056005,0.045531,-0.037511,-0.057993,-0.338523,-0.050216,0.147036,0.008319,-0.046952,-0.088410,-0.008437,-0.532670,0.094421,0.043655,-0.082951,-0.079140,-0.469449,-0.299978,-0.045229,-0.128406,-0.503293,-0.082432,-0.142286,-0.081595,-0.062065,-0.046641,-0.092490,-0.072266,-0.088585,-0.231942,-0.062548,-0.138968,0.054441,-0.106801,-0.024995,-0.183406,0.028642,-0.205924,-0.008856,-0.251235,-0.007235,0.100374,-0.043370,-0.051155,-0.064726,-0.029255,-0.000609,-0.042436,0.088997,-0.120055,-0.035768,-0.178877,-0.056329,-0.085672,-0.024263,-0.147072,-0.067053,0.065882,-0.175846,-0.065172,0.098274,0.084577,-0.060855,0.278055,-0.120370,-0.112745,0.081833,-0.184697,-0.050761,-0.090682,-0.082892,-0.176736,-0.111938,-0.035724,-0.008229,-0.002114,-0.035908,-0.084595,-0.191041,-0.121754,-0.096438,-0.072565,-0.029639,0.065038,-0.083891,-0.229695,-0.406637,-0.104664,-0.105310,0.111066,-0.358887,-0.022790,-0.159472,-0.041964
38,RET,Returns,-0.009098,-0.146104,-0.075095,-0.092185,-0.223350,-0.107931,0.101496,-0.212133,-0.048721,-0.279139,-0.246987,-0.399696,-0.131969,-0.120348,-0.138695,-0.140121,-0.577465,-0.202269,-0.074723,-0.108532,-0.215593,-0.204292,-0.056185,-0.026720,-0.042411,-0.129892,-0.165070,-0.102105,-0.189072,-0.382226,-0.291071,-0.095674,-0.048913,-0.171865,-0.119421,0.069519,0.210024,-0.151747,-0.227569,-0.272877,-0.117589,-0.001595,0.133986,-0.049275,-0.029726,-0.104932,-0.173042,-0.164604,0.009602,-0.001550,-0.125325,-0.104273,-0.043773,-0.188756,-0.223793,-0.133005,-0.090831,-0.116453,-0.357466,-0.145380,-0.066506,0.002761,-0.152364,-0.034108,-0.047953,-0.082210,0.010968,-0.164234,-0.076649,-0.049129,-0.041609,-0.133745,-0.116147,-0.027786,-0.210391,-0.030720,-0.062240,-0.093871,-0.208934,-0.034525,-0.087500,-0.175509,-0.040134,-0.306389,-0.137018,-0.020240,-0.035714,-0.141175,-0.044861,-0.125410,-0.341799,-0.201413,0.044992,-0.106956
39,RET,Returns,0.177024,0.007605,-0.058239,-0.099465,0.149733,0.012058,0.133508,0.084617,0.115308,0.130182,0.131679,0.729114,0.011196,-0.025930,0.274244,0.190657,0.686667,0.136123,-0.019940,0.044410,0.015768,0.048461,0.094001,0.150995,0.067988,0.107561,0.190298,0.111372,0.082886,0.198324,0.027021,0.155474,0.085714,0.068411,-0.038755,0.315000,0.252794,0.032169,-0.050890,0.188014,0.033929,0.029794,0.164032,-0.051502,0.138583,0.024640,0.038390,0.107131,0.052809,0.179749,0.052000,0.163238,0.085924,0.137168,0.093804,0.152146,0.044402,-0.004055,0.233478,0.093709,0.058290,0.089550,0.121074,0.165302,0.137461,0.135083,0.074074,0.063997,0.162806,0.079044,0.078209,0.106417,-0.022421,0.163925,-0.025769,0.214208,0.067262,0.010228,0.046526,0.060160,0.214765,0.063414,0.150523,0.066667,0.095682,0.195240,0.024458,0.052657,0.058535,0.088013,0.176859,0.016814,0.063617,0.002945
40,RET,Returns,0.197013,-0.114256,0.070571,0.044339,0.218277,-0.021204,0.096405,0.139179,0.107226,0.863536,0.125632,0.309384,-0.053104,0.251489,-0.094867,-0.109945,0.205534,0.287554,0.007799,0.138380,0.367647,0.046987,0.049223,0.152057,0.158831,-0.016954,0.249440,0.225738,0.205947,0.897983,0.160215,0.311306,0.099123,0.191043,0.016303,1.273764,0.119129,0.257811,0.251503,0.251236,-0.011226,0.137649,0.212036,0.307046,0.117148,0.041137,0.120244,0.122271,0.065229,0.049900,-0.004563,0.243416,-0.020478,-0.014666,0.137621,0.182740,-0.023456,0.092212,0.306544,0.158487,0.019351,0.024729,-0.093832,0.041136,0.102885,0.119002,0.054685,0.067259,0.073049,0.011500,-0.033411,-0.019090,0.059248,0.087638,0.169492,0.301530,0.206056,-0.042538,0.489607,0.032937,0.199767,0.131088,0.100545,0.123746,0.195330,0.063389,0.247091,0.136342,0.019868,0.210709,0.405197,0.239016,-0.032630,-0.020999
41,RET,Returns,0.079313,0.076703,0.016989,0.014026,0.111444,0.030328,-0.031421,0.156464,0.109614,-0.014671,0.130337,0.262038,0.055464,0.097808,0.090267,0.037500,0.219672,-0.003373,0.117797,-0.109314,0.462963,0.129512,0.002058,-0.042443,-0.062303,0.018457,0.035125,-0.004303,0.105936,0.105000,0.219672,0.069824,-0.062251,-0.047591,0.052135,-0.038462,0.276202,-0.009471,0.101219,0.065613,-0.058952,0.053691,0.127782,0.138477,-0.120061,0.062754,0.072172,-0.045303,0.035074,0.005070,0.062834,0.118182,0.141928,0.065006,0.072202,-0.115814,0.106962,0.073437,0.058824,0.000174,0.046540,-0.032277,0.137789,0.282572,0.037512,0.087288,0.275429,0.042601,0.012927,0.192219,0.046021,0.148952,0.050566,0.034026,-0.012823,-0.004841,0.168198,-0.016274,0.047868,-0.032397,-0.043626,0.081425,0.074197,0.130952,0.008140,-0.014329,0.053787,0.085074,-0.035597,-0.048600,0.276862,0.190071,-0.007688,0.046498
42,RET,Returns,0.048745,0.043941,0.117942,0.096811,-0.051691,0.060072,0.072702,-0.143722,-0.048137,-0.057545,-0.052397,0.172138,0.039656,-0.067076,0.055076,0.019578,-0.201613,-0.068246,0.072631,0.050109,-0.104746,-0.082461,-0.056472,0.008108,0.069463,-0.006300,-0.100105,0.186690,-0.036746,-0.078620,-0.135674,-0.027809,0.114894,0.009660,0.066653,0.055652,-0.079368,0.005412,-0.019859,-0.123145,0.086775,0.010450,0.019852,-0.097252,0.030009,-0.012575,-0.053076,0.127511,-0.017501,0.052799,0.029732,-0.075610,-0.015460,0.002025,-0.035633,0.021042,-0.016952,0.015721,-0.047302,0.052539,-0.022235,-0.091844,0.027556,-0.059697,0.137865,-0.087993,-0.154324,0.012634,0.093415,-0.014454,0.064553,-0.012508,-0.016173,0.036935,-0.004927,-0.034746,-0.050847,0.096797,-0.038152,0.002017,0.004326,0.075576,0.097938,-0.060902,0.056627,-0.022487,-0.064063,-0.012355,0.050239,-0.013092,-0.048627,-0.063171,-0.026136,0.008075
43,RET,Returns,0.147160,-0.035077,0.048117,0.071651,0.102869,0.176993,0.025102,0.165627,0.061908,0.219019,0.009647,0.120455,0.064388,0.115532,-0.064142,0.085672,0.067340,0.346247,0.030252,0.032331,0.403108,0.050404,0.081258,0.180161,0.052910,0.048604,0.207260,-0.025492,0.076725,0.311648,0.065872,0.240514,0.149618,0.122839,-0.006835,0.317957,0.203353,0.219705,0.000000,0.143345,0.044620,0.050903,0.107569,0.067150,0.097757,0.077311,0.105096,0.120310,0.129381,0.163142,0.072007,0.134565,0.038550,0.007217,-0.073032,0.161772,-0.042268,0.021066,0.131290,0.173378,0.069555,0.129944,0.073319,0.001403,-0.010517,0.093859,0.100429,0.148129,0.035481,0.084030,0.032569,0.062000,0.094912,0.022345,0.063696,0.274298,-0.011273,0.021743,0.083414,0.072464,0.105143,0.058356,0.134272,0.123299,0.104879,0.074815,0.138951,0.048306,0.058575,0.056122,0.008244,0.069186,0.029728,0.006866
44,RET,Returns,0.029500,0.005334,-0.059025,0.028424,0.099591,-0.040603,-0.053288,0.011912,0.096888,0.193788,0.167327,0.189317,0.009757,-0.149383,0.083029,0.017939,0.577287,0.028370,0.003589,0.030956,0.216287,0.030199,0.033535,-0.018628,0.120669,0.016554,0.045587,0.183109,0.036624,0.005668,0.056636,0.041882,0.055777,0.022540,-0.006193,-0.050000,0.044444,0.012824,0.068604,0.037313,-0.079093,0.042027,0.015371,0.077411,0.052043,0.001040,0.068084,0.036721,0.005681,0.062857,0.000657,0.124450,-0.021469,-0.026942,0.010567,-0.042743,0.030512,0.081310,0.112224,0.029637,0.042784,-0.001429,0.080640,0.016140,0.053571,-0.022069,0.011408,0.068439,-0.011297,0.024671,-0.001410,0.058380,-0.025221,0.008223,0.004899,0.072881,0.054393,-0.006369,0.152548,-0.006862,0.081385,0.053920,0.022453,-0.002138,0.044506,0.003350,0.108280,0.096842,-0.032117,0.095572,0.127146,-0.008388,0.025311,-0.011649
45,RET,Returns,0.101896,0.093743,0.129394,-0.013999,0.041851,0.007528,0.149895,0.080989,0.188197,0.007688,0.090195,-0.037521,0.006149,0.238316,-0.020939,0.031631,-0.032000,0.132863,0.049243,0.101828,-0.041834,0.002887,0.105924,0.089815,-0.047441,0.007006,0.006577,-0.036008,0.054531,0.231564,0.099544,0.065944,0.071698,0.087063,-0.007997,-0.051316,0.089393,0.096347,0.091401,0.188489,0.031957,0.074036,0.114167,0.143821,-0.015574,0.043377,0.010609,0.053464,0.013215,-0.036909,0.007445,0.008283,0.109494,-0.012851,0.041344,-0.026046,0.014758,-0.039164,0.008210,0.023578,-0.007112,-0.077253,-0.012951,0.066298,0.043408,0.172594,0.186520,-0.060170,-0.047532,0.077018,0.043056,-0.008982,0.070412,-0.031021,0.016744,0.087414,0.060498,0.015064,0.091324,0.036852,-0.006809,0.031172,-0.036600,-0.105714,-0.024411,0.056304,-0.031388,0.026449,-0.024807,0.105962,0.023983,0.086983,-0.034991,-0.007809
46,RET,Returns,0.016995,0.030321,0.015026,-0.024847,-0.034291,-0.109746,0.272601,0.026571,-0.028694,0.027729,-0.117267,-0.138298,-0.051745,-0.010314,-0.077268,-0.031972,-0.154959,0.080849,0.036576,-0.136996,0.024349,0.122232,0.011529,-0.031011,-0.010178,0.086753,-0.009956,-0.053080,-0.003277,-0.099348,-0.038913,-0.056356,-0.033451,-0.058134,-0.053607,-0.029126,0.069232,-0.033635,-0.023529,-0.131547,-0.084946,0.081214,-0.076919,0.077065,-0.058183,0.012327,-0.033917,0.005295,0.008361,-0.023505,-0.030218,-0.045641,-0.007263,0.029670,-0.118981,-0.061127,0.026984,-0.024321,-0.106120,-0.003117,0.016845,-0.128618,-0.022131,0.041775,0.078149,-0.038949,-0.049617,0.081420,0.014875,-0.032143,0.032220,0.029003,0.008978,-0.081147,-0.049614,-0.080872,0.043624,-0.001342,-0.022181,-0.034432,0.037489,0.046560,-0.005065,0.036342,-0.055013,-0.049407,0.062214,0.008534,-0.006772,0.009608,-0.023421,0.054840,0.012019,0.044600
47,RET,Returns,0.060531,0.077516,0.106796,0.078756,-0.032465,0.050914,0.143927,0.012325,-0.022977,0.200631,0.105230,0.087106,0.009064,-0.031614,-0.000750,0.161009,0.004890,0.060479,0.070711,0.011034,0.049454,0.031686,0.053826,0.025866,-0.121530,0.028482,0.099623,-0.022837,0.104129,0.183135,0.040797,0.098788,0.021858,0.105828,0.037159,0.270000,0.128681,0.161783,0.051037,0.123422,0.083666,0.087443,-0.000940,0.005135,0.090474,0.054920,0.080315,0.033713,0.052152,0.012036,0.072481,0.017237,0.080660,0.094384,0.131851,0.114461,0.088551,0.188795,0.026447,0.059535,0.038653,0.201995,0.170708,-0.016812,0.065272,0.043583,0.076360,0.109824,0.046445,0.064707,0.027581,0.076336,0.075000,0.092911,0.138030,0.153846,0.030547,0.028855,0.079099,0.049474,-0.035102,0.026145,0.078465,0.104817,0.152158,0.078987,0.039190,0.100488,0.063197,0.031655,0.020712,0.055172,0.098027,0.053300
48,RET,Returns,0.054134,-0.009176,0.011209,0.080771,0.057374,0.003904,-0.010227,0.082809,0.050059,-0.031317,0.032818,-0.049211,0.081027,-0.006382,0.049925,0.010273,-0.194647,-0.023977,-0.024231,0.150068,-0.000521,-0.013521,-0.012352,0.023077,0.038697,-0.013455,-0.026316,0.016997,0.078756,-0.000000,0.093690,-0.038414,0.038027,0.028737,0.014321,0.124859,-0.030314,-0.010539,0.034446,-0.049313,-0.061592,0.063430,-0.004833,0.027929,0.065607,0.017197,0.018976,0.051569,0.036011,0.062500,0.024984,-0.019299,-0.003497,-0.027770,-0.024343,0.072444,-0.012806,0.036287,0.033928,0.067536,0.061669,0.012384,0.019608,-0.062698,0.036382,0.022346,0.024872,0.019844,0.110960,0.011016,-0.015590,0.001101,-0.027586,0.028000,0.005822,0.052968,0.018782,0.038330,0.098266,0.040460,0.038875,0.015175,0.030447,0.063132,0.010117,-0.001740,-0.065064,0.032273,0.053083,-0.055798,-0.037447,0.065360,-0.015170,-0.091648
49,RET,Returns,-0.088591,-0.012039,-0.012289,-0.004024,-0.003662,0.033763,-0.067722,-0.041194,0.021788,-0.066140,0.119527,0.007968,-0.018575,0.122283,0.043261,-0.035248,0.003021,-0.075978,-0.020450,-0.055486,-0.038602,-0.060114,-0.029407,-0.061404,0.007684,-0.063255,-0.031482,-0.101671,-0.083721,-0.019544,-0.089660,-0.021674,-0.045793,-0.024883,-0.066503,0.084000,-0.167518,-0.061114,-0.013789,0.062789,0.115553,-0.145224,-0.119166,-0.029246,-0.031801,0.020346,-0.014286,-0.086197,-0.065011,-0.049020,-0.024065,-0.064315,-0.048246,-0.014282,-0.011015,-0.070543,-0.000160,-0.020123,-0.000849,-0.026370,0.011717,-0.068563,0.044882,-0.093581,-0.075459,-0.035114,-0.072352,-0.102251,-0.057888,-0.037001,-0.019408,0.025838,0.022431,-0.152832,0.017663,-0.055074,-0.025042,-0.026486,-0.097744,-0.080271,0.059955,-0.057996,-0.132003,0.082677,-0.053208,0.006972,0.114171,-0.027806,-0.097646,-0.018246,0.053353,-0.011385,-0.000374,-0.055140
50,RET,Returns,0.065380,0.025312,-0.024884,-0.017893,0.044103,-0.031977,-0.055897,0.049307,0.099561,0.014073,0.049175,0.097497,-0.011460,0.058304,-0.019594,0.006158,0.024096,0.092075,0.036361,0.038534,0.025502,0.010417,0.064775,0.082777,0.042632,0.011925,0.046611,0.026357,0.057191,0.045035,0.029144,0.000000,0.049190,0.147689,-0.039347,0.083026,0.127006,0.081812,0.085266,0.004975,-0.013673,-0.005933,0.053658,0.035262,0.113888,0.052028,0.047166,0.079031,0.043468,0.066366,0.010022,0.077812,-0.028203,-0.010511,0.051932,0.095150,0.031555,0.011891,0.030294,0.002298,0.013092,-0.068925,-0.034049,0.052278,0.022001,0.060392,0.062836,0.100085,0.068951,0.019275,0.047803,-0.049839,0.028107,-0.059635,0.072668,0.051400,-0.033880,-0.007187,0.095694,-0.021688,0.008192,0.065665,0.083556,0.026061,0.118017,0.024926,-0.018740,0.023637,-0.016655,-0.018655,-0.036581,0.033589,0.011978,0.015366
51,RET,Returns,0.148470,-0.029477,0.049537,0.016657,0.040320,0.057013,0.146706,-0.020648,0.039783,0.085101,0.149620,0.072029,0.027402,-0.022538,0.082749,0.102407,0.191176,0.101665,0.027972,0.145377,0.096954,0.066042,-0.020666,0.069873,0.083259,0.048824,0.104389,0.134441,0.117478,0.049806,-0.062010,0.171481,0.031447,0.063371,0.011778,0.070698,0.111495,0.103233,0.064094,0.133250,-0.044949,0.076538,0.091334,-0.000663,0.044431,0.002832,0.127241,0.048041,0.008572,0.085728,0.034921,0.066238,0.051593,0.054747,0.070216,0.022353,0.044949,0.037558,0.190987,0.042670,0.037276,0.010899,0.023048,0.039390,0.021538,0.091272,-0.064182,0.086720,0.043002,0.062868,0.066272,-0.022792,-0.000158,0.143857,0.015647,0.059363,0.038625,0.043752,0.071657,0.041516,0.020963,0.076791,0.003692,-0.035145,0.088021,0.096527,0.053637,0.072251,0.072243,0.052497,0.138259,0.077530,0.033891,0.030462
52,RET,Returns,0.111021,-0.020501,0.049225,0.003511,0.011142,-0.042239,0.009796,0.004039,-0.146506,0.117790,-0.002479,-0.001120,-0.188660,0.062340,0.011010,-0.052060,0.079012,0.090056,-0.007389,0.054939,0.048298,0.156732,-0.010551,0.034575,0.012240,0.073981,0.069817,0.078562,0.055285,0.042611,0.045010,-0.118198,0.053769,0.037545,-0.005022,0.035800,-0.094087,-0.036295,-0.005440,0.036264,-0.126677,-0.073044,-0.149036,0.017259,0.089026,0.027625,0.048597,-0.022201,0.005848,0.024675,-0.013804,-0.047374,-0.028182,-0.034511,0.020067,0.122525,0.058004,-0.025205,0.051684,0.061027,0.032651,-0.113344,-0.061847,0.033458,0.042595,0.032789,0.085017,0.061550,0.008071,0.048734,-0.014208,-0.025073,-0.009929,-0.078170,0.027048,0.074578,0.125433,0.055941,0.061025,0.024768,0.081179,0.057883,0.067838,-0.071319,0.032196,0.073436,0.034390,0.018204,-0.053030,-0.052305,0.063946,0.022078,-0.035252,0.011794
53,RET,Returns,-0.016125,-0.070367,-0.140238,-0.055977,-0.056321,-0.096493,-0.084902,-0.120086,-0.158140,-0.135516,-0.108104,-0.117218,-0.105676,-0.230506,-0.126245,-0.082971,-0.093821,-0.107652,-0.071463,-0.084977,-0.047455,-0.114546,-0.010579,-0.139993,-0.062026,-0.084111,-0.081827,-0.177161,-0.092834,-0.127149,-0.051686,-0.099664,-0.020515,-0.104442,-0.102432,-0.099078,-0.072554,-0.072436,-0.110791,-0.133086,-0.095442,-0.076213,-0.004063,-0.186949,-0.038887,-0.057393,-0.092637,-0.114682,-0.023953,-0.055276,-0.084915,-0.070456,-0.038354,-0.048327,-0.051125,-0.087389,-0.044907,-0.103227,-0.111672,-0.099639,-0.042473,-0.193308,-0.038527,-0.102912,-0.150811,-0.046503,-0.133999,-0.042643,-0.127477,-0.069366,-0.035725,-0.078349,-0.017214,-0.075750,-0.100875,-0.003464,-0.210865,-0.053819,-0.038081,-0.067536,-0.038157,-0.056756,-0.061130,-0.040911,-0.051546,-0.085479,-0.104968,-0.095330,-0.047751,-0.084566,-0.131984,-0.163490,-0.051780,-0.101372
54,RET,Returns,-0.020827,-0.016400,0.030117,0.010638,-0.062031,0.015836,-0.129125,-0.059750,-0.308618,0.000251,-0.022281,-0.086404,-0.030784,0.089932,-0.092279,0.088324,-0.050505,-0.011356,0.008580,-0.039801,-0.024213,-0.053413,-0.058712,-0.079879,-0.153335,-0.081359,-0.043683,-0.095274,-0.057451,-0.112969,-0.043383,-0.084073,-0.017186,-0.059216,-0.016321,-0.140665,-0.155889,-0.158821,-0.131370,-0.111927,-0.045657,-0.083767,-0.090046,-0.011277,-0.164021,-0.011544,-0.087445,-0.057596,-0.014210,-0.091970,0.013036,-0.075038,-0.016342,0.021653,-0.067818,-0.174949,-0.014954,-0.074273,-0.067424,-0.004035,0.004929,-0.091409,0.049273,-0.143858,-0.108140,-0.063001,-0.130081,-0.060397,-0.049180,-0.060356,-0.023215,-0.063690,-0.018170,-0.076490,-0.076703,-0.061414,-0.014426,0.017737,-0.050335,-0.004527,-0.098295,-0.067118,-0.046683,-0.018748,-0.026879,-0.093531,-0.065108,-0.036658,0.018169,-0.166667,-0.107703,-0.068101,-0.049248,-0.056070
55,RET,Returns,0.022741,0.058572,0.025614,0.113932,-0.017055,0.036692,0.078986,0.137071,0.362150,0.124433,0.085896,-0.022965,0.077018,0.164782,0.019036,-0.000802,0.090426,0.168470,0.009523,0.126338,0.050372,0.136077,0.034288,0.082590,0.049710,0.123047,0.175773,0.097844,0.069524,0.152192,0.025772,0.066293,0.081421,0.133898,0.101659,0.266865,0.214950,0.177435,0.045936,0.117892,-0.028005,0.089673,0.148930,0.217108,0.015675,0.029153,0.098130,0.063771,0.039844,0.059126,-0.016424,0.101612,0.099561,0.062687,0.008725,0.021058,0.058600,0.025503,0.113877,0.082922,0.105788,0.257140,-0.014584,0.165015,0.121686,0.090155,0.184155,0.060697,0.103914,0.010110,0.064971,0.051893,0.027706,0.159562,-0.036061,0.022634,0.078063,0.075271,0.104892,0.089706,0.043726,0.088205,0.065722,0.072183,0.074234,0.142556,0.069351,0.095363,0.359331,0.069288,0.083203,0.061816,0.064905,0.045733
56,RET,Returns,-0.055005,0.005297,-0.076690,-0.004169,-0.015581,-0.064001,0.058868,-0.059950,-0.064483,-0.106855,-0.096713,-0.112536,-0.027873,-0.221463,-0.032310,0.046549,-0.095366,-0.065806,-0.065080,-0.121983,-0.104181,-0.050525,-0.000088,-0.133723,-0.120886,-0.018501,0.012540,-0.111027,-0.034135,-0.108306,-0.035366,0.110952,-0.078322,-0.051574,-0.013985,-0.116288,0.006290,-0.054512,-0.087837,-0.101737,-0.044718,-0.071837,-0.089776,-0.052878,-0.015915,0.039568,-0.081603,-0.164857,-0.035981,-0.134830,-0.009124,-0.097319,0.014017,-0.042697,-0.066534,-0.022179,0.055643,-0.149310,-0.104910,-0.075579,0.007220,-0.089730,0.020313,-0.085217,-0.085819,-0.049430,-0.039070,-0.039630,-0.075931,-0.062235,-0.011246,0.072667,-0.024362,0.010767,-0.050789,-0.070020,-0.102581,0.038494,0.020511,0.042020,0.001754,-0.040289,-0.067639,0.041708,-0.018749,-0.011231,-0.129707,-0.076864,0.016173,-0.052364,-0.148936,-0.059505,-0.014602,-0.002178
57,RET,Returns,0.167215,0.058776,0.160929,0.023157,0.143116,0.079741,0.258191,0.088036,0.242444,0.054176,0.088500,0.052368,0.128085,0.133582,0.077082,0.051764,0.054192,0.207489,0.040899,0.057619,0.044362,0.095365,0.141416,0.095822,0.166420,0.094087,0.094432,0.101954,0.017210,0.132950,0.076642,0.050366,0.113487,0.128832,0.045678,0.084626,0.186137,0.096989,0.124217,0.130525,0.118756,0.168370,0.055868,0.172279,0.138749,0.034169,0.124936,0.096229,0.089418,0.086895,0.086636,0.046755,0.055071,0.087526,0.025316,0.099112,0.019847,0.067727,0.021316,0.103883,0.093190,-0.089649,0.057736,-0.000405,0.043682,0.148714,0.184427,0.108607,0.229114,0.076628,0.042692,0.079195,0.005028,0.178394,0.040756,0.111836,0.155260,0.014991,0.025318,0.058084,0.044566,0.022348,0.178975,0.110813,0.121470,0.045298,0.041827,0.092317,0.103623,0.246280,0.066454,0.054054,0.067411,0.045339
58,RET,Returns,0.060723,-0.009188,0.062838,0.033398,-0.033597,0.037743,0.052018,0.034881,0.079229,-0.009279,0.061617,-0.126197,0.067491,0.093192,-0.037505,-0.007746,0.066496,0.004575,0.010278,0.146018,-0.057649,0.043662,-0.023492,0.043836,-0.039800,0.019124,0.059615,0.109869,0.091390,0.123088,0.004325,0.223771,0.034958,0.042537,-0.041334,0.154412,0.113655,0.025965,0.091228,-0.014154,0.114013,0.167196,0.114470,-0.036589,-0.024621,0.036732,0.072144,-0.000713,0.070523,0.044271,0.028728,-0.009984,0.047847,-0.036408,0.000140,-0.037685,0.043752,0.055837,0.048895,-0.028716,0.058181,0.245566,-0.013583,0.009724,0.088812,0.016222,0.208905,0.033272,0.096089,0.004214,-0.017158,0.014269,0.068064,0.000609,0.016298,0.117808,0.134394,0.029135,0.035368,0.011888,-0.028069,0.060685,0.094326,0.026773,0.071883,0.009746,0.119334,0.049698,0.011583,0.011343,0.037627,0.125589,0.012145,0.076064
59,RET,Returns,0.033790,-0.093726,-0.031089,-0.036859,-0.038701,-0.078685,0.061551,0.065532,0.042066,0.042451,-0.091308,-0.043585,-0.046731,0.123654,0.077015,-0.061710,0.007194,0.076336,-0.007391,-0.028630,0.000268,0.013176,0.077107,-0.161855,0.028875,-0.011017,0.002538,-0.081626,0.010657,0.011025,0.085358,-0.024113,0.022360,0.009381,-0.022660,0.128096,0.068833,0.040128,-0.029800,-0.011860,-0.079909,-0.094492,-0.028797,0.187696,-0.014684,-0.017104,0.061611,-0.002617,-0.010376,0.063092,-0.025886,-0.006112,0.037345,-0.029830,-0.035068,0.063730,0.014659,-0.048254,-0.035705,0.003384,-0.055769,0.008415,-0.050675,-0.016486,-0.046784,0.057588,0.140067,-0.015612,-0.079476,0.121328,-0.010260,-0.053689,-0.039327,0.040965,0.003689,0.075980,0.109601,-0.003961,0.034160,-0.025596,0.101078,-0.086358,0.075414,0.013037,0.032048,0.048411,-0.017355,0.012371,-0.014470,0.033796,0.046048,0.060437,-0.001477,0.052790
60,RET,Returns,0.036670,0.030101,0.119344,0.010674,0.095156,0.041943,0.026226,0.107674,0.188435,-0.006941,0.023365,0.219178,0.049022,0.096051,0.118933,0.049128,0.126191,0.107092,0.049902,0.096581,0.143164,0.131793,0.068037,0.055845,0.121613,0.126961,0.061502,0.024962,0.038346,0.099743,0.114780,-0.044955,0.065612,0.038133,0.057658,0.053325,0.195124,0.020742,0.073687,0.164245,-0.007123,0.068849,0.076982,0.081395,0.160543,0.033976,0.069403,0.005962,0.037466,-0.006026,0.004874,0.134225,0.041159,0.040998,0.027484,0.104846,-0.019668,0.106174,0.164875,0.027626,0.041667,0.162216,0.056571,0.112428,0.105018,-0.004644,0.099037,0.044042,0.157330,0.116933,0.018258,0.074233,0.053381,0.057027,0.001946,0.050000,0.079648,0.013521,0.010051,0.057215,0.056024,0.090878,0.022013,-0.007804,0.028299,0.034935,0.136249,0.045835,0.117776,0.117934,0.138920,0.089215,0.002635,0.051179
61,RET,Returns,0.051959,-0.048215,0.061456,-0.008338,-0.023212,0.003279,-0.057556,0.002348,0.012080,0.014912,0.064664,0.029235,-0.042078,0.198356,0.037086,-0.036631,0.019028,0.040465,-0.038198,0.039804,0.131579,0.049339,-0.005124,0.045477,-0.012798,0.040329,0.016038,-0.028782,0.036257,0.039250,0.129665,0.090909,0.086900,0.029911,0.020893,-0.050030,-0.090266,-0.028922,0.068489,0.101148,0.059051,0.010758,-0.026998,0.102131,0.048774,-0.039628,0.053612,0.085273,0.103843,0.020447,-0.033630,0.060585,-0.044397,-0.007705,0.138607,-0.006778,-0.040255,0.039229,0.029928,0.018772,-0.045085,0.057725,-0.079634,0.082323,-0.006628,-0.034418,0.098885,-0.025947,0.024920,-0.014475,-0.015613,0.040548,-0.011164,0.093756,0.086858,-0.018674,0.065748,-0.015956,0.019700,-0.048673,-0.088142,-0.022381,0.047385,0.136804,0.021260,-0.013227,0.001112,0.032774,0.009153,0.037988,0.046144,0.091829,0.039681,0.103392
62,RET,Returns,0.040935,0.065102,0.000194,0.015695,0.020552,-0.068083,0.021516,0.044068,0.061624,0.004380,0.042458,0.040787,0.096102,0.039264,-0.026897,0.025020,-0.029046,0.061025,0.022795,0.132308,0.034468,0.098937,0.043917,-0.122459,-0.033333,0.100495,0.090766,0.202888,0.125289,0.047351,0.031007,0.103590,0.093210,0.019107,-0.005293,-0.056426,-0.026207,-0.003322,0.009549,0.045680,0.015633,0.021720,0.003117,0.045111,0.019037,0.057263,0.039859,-0.045086,0.003272,0.008910,0.036975,0.038941,0.017025,0.008053,0.003895,0.055242,0.035564,0.041754,0.034739,0.055278,0.079115,-0.020305,-0.018089,0.009524,-0.035528,0.079413,0.076725,0.078281,0.027162,0.054717,-0.013839,0.066959,-0.001267,0.104194,0.024405,0.050111,0.052590,0.025120,0.092558,0.031250,-0.037024,0.222099,0.050133,0.037272,0.012258,0.037699,0.027037,0.032780,0.036496,0.076039,-0.003393,0.124861,-0.072945,0.065568
63,RET,Returns,-0.013314,0.019751,0.067793,-0.017887,0.006608,0.041301,0.039471,0.050554,0.002200,0.037411,0.026663,-0.066480,0.017498,0.033497,-0.017111,0.036807,-0.055556,0.081803,0.028528,-0.040373,0.044002,0.025555,-0.019655,-0.072737,0.038112,0.036048,0.001823,-0.083386,-0.014861,0.019914,0.005359,-0.073571,-0.023888,-0.020617,-0.012452,-0.009302,0.049103,0.040547,0.005780,-0.041587,0.089533,-0.043430,-0.031628,0.061781,-0.004270,-0.018917,0.031083,-0.059134,0.007351,-0.060084,-0.035645,-0.012637,0.045213,0.017650,0.015664,0.009935,0.005417,-0.014279,-0.055532,0.013770,0.040993,0.005147,0.025177,-0.079515,-0.044771,-0.146243,-0.002388,0.056267,0.016185,0.029224,0.023179,0.055613,-0.022998,-0.079725,-0.006639,0.120376,-0.001713,0.000000,-0.026172,0.078577,-0.048335,-0.065445,-0.029486,0.064467,0.030605,0.007046,-0.042373,0.013287,0.043879,-0.073835,-0.014879,0.031126,0.008369,-0.016369
64,RET,Returns,0.004656,0.070744,0.047480,0.038133,0.064821,0.063611,0.087048,0.019859,-0.036377,0.089823,0.079129,-0.078770,0.058211,0.054201,-0.026113,0.063186,0.038462,0.040413,0.051634,0.064826,0.053310,-0.012146,0.103246,0.021574,0.059004,0.018141,0.033109,0.066161,0.000232,0.085828,-0.008391,0.107925,0.067018,0.040048,0.022551,0.037559,-0.005040,0.022662,-0.042712,0.019950,-0.085472,-0.072704,-0.047856,0.012841,0.002428,0.049365,0.025456,-0.014645,0.046054,0.147175,0.109198,-0.004772,0.016883,0.052317,-0.014304,-0.002649,0.029176,0.066709,0.046054,0.039679,0.031118,-0.054525,0.089064,-0.040996,0.020874,0.087451,-0.032547,0.078100,0.077395,0.093789,0.069554,0.032496,0.062094,0.041218,-0.037154,-0.020298,-0.037637,0.036801,0.068869,0.030709,-0.018196,0.060504,0.031829,0.089159,0.052273,0.008746,-0.023080,0.058240,-0.007071,0.064275,-0.081993,0.063823,0.056292,0.045763
65,RET,Returns,-0.006569,0.004035,0.004551,0.059759,-0.066489,0.064908,0.004494,-0.065757,0.007347,0.051345,-0.016671,-0.043160,0.046046,-0.043018,-0.029351,0.023488,-0.103268,-0.083268,0.037700,-0.037009,-0.006212,-0.063506,0.022623,-0.041096,0.068194,-0.034265,-0.054235,0.039431,-0.034107,-0.118566,-0.076154,-0.093632,0.004587,-0.096676,0.004861,-0.035553,-0.052345,-0.021219,0.019226,-0.039609,0.074665,-0.027715,-0.065757,-0.004754,-0.023419,0.072028,-0.022007,-0.074065,-0.005276,-0.019819,0.032562,-0.052378,-0.009635,0.052959,-0.007571,-0.080381,0.049036,-0.025150,-0.057491,-0.023454,0.045455,0.044092,0.022253,-0.076099,-0.028935,0.025875,-0.053592,-0.012989,-0.048387,-0.056348,0.032370,0.032427,0.032357,0.030040,0.037693,0.019890,-0.042117,0.026639,0.037716,0.014139,0.013849,-0.031564,-0.006473,-0.005688,0.019088,-0.012805,-0.008520,-0.014847,-0.022499,0.025398,-0.021299,-0.053663,0.011004,-0.045920
66,RET,Returns,-0.034960,0.007081,0.052797,-0.013613,-0.027087,-0.036174,0.039656,-0.009711,-0.033576,0.005426,-0.052544,-0.066383,0.008064,-0.018531,-0.088581,0.018428,0.011908,0.006238,-0.001371,0.003962,-0.049135,0.026905,-0.015034,-0.070833,-0.028690,-0.019731,0.014071,0.036692,-0.062215,0.003321,-0.060545,0.035290,-0.032315,0.031164,0.023656,-0.075737,0.024400,0.014310,0.010375,-0.032077,-0.007906,-0.042796,-0.054288,0.016949,0.005237,-0.021122,0.000672,-0.023007,0.015509,-0.015549,-0.011443,-0.053192,0.014219,-0.024688,0.039409,-0.034383,0.034094,-0.053317,-0.005215,0.004980,-0.045260,0.021115,-0.029388,-0.047599,0.039584,0.069153,0.079085,0.022098,-0.038282,-0.031062,-0.002461,-0.039627,-0.051194,-0.030722,-0.010520,0.073390,0.007933,0.007485,-0.015501,-0.004753,-0.052897,-0.001647,-0.069972,0.057048,-0.005430,-0.007620,0.001367,0.008431,0.008123,-0.026816,-0.010927,-0.029946,-0.037668,-0.025039
67,RET,Returns,0.163285,-0.015583,-0.021185,-0.021762,-0.092041,-0.062554,0.088171,0.003890,0.075560,-0.032108,-0.046801,-0.114051,-0.025465,0.066428,-0.014832,-0.010359,-0.079011,-0.067725,-0.028029,-0.047652,-0.074898,-0.033781,-0.036805,0.026906,-0.029404,0.011474,-0.048659,-0.025795,-0.010758,-0.031389,-0.001396,0.014874,-0.053358,-0.127289,0.028711,-0.114576,0.005860,-0.084027,-0.085615,-0.050371,0.022941,0.192168,0.014126,0.073137,-0.035616,-0.012012,-0.108911,-0.033791,0.060041,0.007671,-0.026007,-0.005862,0.010700,0.020517,-0.064715,-0.068211,0.025617,-0.058072,-0.060634,-0.081286,-0.004165,0.016818,-0.032870,-0.030856,0.053846,0.001889,0.030175,0.010276,-0.068976,-0.056324,-0.090728,-0.065583,-0.024461,-0.035394,-0.094082,0.015194,0.045949,-0.009101,0.036824,-0.054760,0.097634,-0.033269,-0.089857,-0.037805,-0.018391,-0.050871,0.021560,-0.064061,-0.039014,-0.080546,-0.004277,0.047934,-0.008092,-0.019538
68,RET,Returns,-0.014469,0.023188,-0.093845,0.060499,-0.046176,0.018007,-0.032761,-0.166909,-0.106710,-0.006595,-0.045267,-0.157570,-0.037648,-0.208323,-0.176822,0.038032,-0.190141,-0.078854,0.066248,-0.104496,-0.035565,-0.054452,0.006773,-0.018785,-0.012105,-0.042300,-0.053287,-0.084667,-0.118073,-0.184112,-0.138119,-0.057405,-0.133819,-0.044714,-0.009644,-0.089271,-0.110461,-0.093923,-0.059583,-0.089336,-0.058428,-0.103911,-0.136327,-0.187648,-0.037217,0.000000,-0.093362,-0.259881,-0.050536,-0.089118,0.024387,-0.071446,0.035877,-0.007833,-0.010432,-0.076460,0.052498,-0.027184,-0.184664,-0.041428,0.033840,-0.061922,-0.030325,-0.213483,-0.023358,-0.038824,-0.179347,-0.100264,-0.082080,-0.116521,0.014132,-0.003585,0.035616,-0.056681,-0.033535,-0.033425,-0.132787,0.046029,-0.018339,-0.026658,0.009322,-0.092861,-0.118992,-0.042515,-0.095970,-0.018925,-0.109363,-0.097900,0.024795,-0.092341,-0.061560,-0.142271,0.016031,-0.066424
69,RET,Returns,-0.009121,-0.026090,-0.016981,-0.015791,-0.096836,-0.008032,0.004646,-0.221500,-0.143864,-0.096761,-0.094975,-0.250918,0.008396,-0.244804,-0.100629,0.054790,-0.175040,-0.188571,-0.014338,-0.027429,-0.139414,-0.069781,0.045709,-0.010849,-0.064606,-0.063234,-0.171949,-0.048772,-0.114504,-0.201758,-0.180156,-0.044704,-0.070828,-0.112567,-0.011827,-0.130396,-0.353640,-0.138592,-0.112204,-0.057633,-0.027203,-0.047915,-0.186457,-0.312148,-0.015279,-0.031915,-0.081573,-0.132924,0.017218,0.059861,-0.032067,-0.198083,-0.034351,-0.014396,-0.020892,-0.029604,-0.028647,-0.052181,-0.166369,-0.134852,0.001103,-0.128971,-0.000453,-0.228000,-0.064286,-0.009579,-0.223684,-0.098404,0.023869,-0.170394,-0.039267,-0.068493,-0.007852,-0.054994,-0.054592,-0.034438,-0.235407,0.024420,-0.064000,0.001405,-0.050900,-0.053380,0.016788,-0.026042,-0.113920,-0.062917,0.019604,-0.052391,0.017558,-0.065890,-0.075862,-0.098184,-0.024253,-0.018779
70,RET,Returns,0.061523,0.062769,0.156701,0.033140,0.111862,0.042031,-0.012579,0.243519,0.245044,0.131403,0.087258,0.116013,-0.020663,0.256555,0.151694,0.017208,0.233262,0.285482,0.025598,0.126315,0.152157,0.110392,0.013637,0.199355,0.085368,0.134572,0.202652,0.118105,0.156499,0.241318,0.171537,0.079349,0.167699,0.164851,0.041774,0.207859,0.330378,0.209072,0.136579,0.097897,0.073711,0.150668,0.158646,0.224115,0.089139,0.058637,0.193350,0.185301,0.055813,0.150223,0.010991,0.162351,0.011249,0.005139,0.044879,0.094105,0.057276,0.052422,0.255266,0.100710,0.027602,0.216689,0.055046,0.309400,0.069908,0.126769,0.392620,0.212553,0.142310,0.299860,0.016963,0.089367,0.021130,0.061073,0.091754,0.135961,0.230035,0.019589,0.167849,0.042777,0.116436,0.167501,0.159475,0.040546,0.219175,0.112272,0.087086,0.108300,0.018478,0.009425,0.074212,0.237058,0.092871,0.075176
71,RET,Returns,-0.055783,0.012623,-0.038666,0.022149,0.025057,0.016064,-0.099386,-0.001907,0.035287,-0.050968,0.050464,-0.202050,-0.060386,-0.055699,-0.085526,0.035771,-0.129788,0.036206,0.012504,-0.033262,-0.020806,0.023977,0.027508,0.005936,0.069015,-0.013517,0.001248,-0.003163,0.027810,-0.006098,0.007852,-0.070374,-0.061200,0.094140,0.010025,-0.092466,-0.016393,0.015276,0.029132,-0.047875,-0.043447,0.011390,-0.121771,-0.012580,0.103631,-0.014783,0.040506,0.050357,0.022315,0.023635,0.013977,-0.109033,-0.009075,0.031755,0.042819,0.142245,0.036295,0.048647,-0.083618,0.032523,0.041379,0.009622,0.036232,-0.161565,-0.031919,-0.001764,0.006869,0.026760,-0.043332,0.064127,0.024861,0.052440,0.009064,0.066182,0.031229,0.030453,0.028719,0.027373,-0.024914,-0.011259,-0.031963,0.001858,-0.020501,0.016253,0.044592,0.028901,0.012896,-0.011541,0.020281,0.022440,0.002702,0.072069,0.038434,0.036112
72,RET,Returns,0.059655,0.030797,-0.081132,0.041079,0.023143,0.108789,-0.099797,-0.089099,-0.059678,-0.018110,0.067841,0.022059,-0.035714,-0.109321,0.023124,0.077017,-0.042576,-0.074377,0.009727,0.050838,-0.053068,0.021733,-0.023212,-0.030043,0.049948,0.034818,-0.040654,-0.071701,0.062762,0.046915,-0.050260,0.025008,-0.063885,-0.108325,-0.021214,0.015094,-0.070960,0.006740,0.005298,0.136392,0.027102,0.077596,-0.056645,-0.062228,0.071902,0.035518,0.003693,-0.074061,-0.021915,-0.026495,0.013288,0.073620,0.040756,0.098019,0.035189,0.057060,0.050356,0.049959,-0.009530,0.008514,0.047752,-0.046018,0.066294,0.022989,0.014855,0.005718,-0.051743,-0.035478,-0.181818,-0.047927,0.036719,0.078226,0.033142,-0.001825,0.071099,0.058188,-0.093190,0.054202,0.038604,0.043478,-0.028083,0.037909,-0.032890,0.042495,0.024466,0.020070,0.048418,-0.045822,0.063345,-0.019573,0.065739,0.030669,0.020798,0.053705
